{"graph": {"_type": "graph-file", "path": "media/graph/graph_summary_25c5be9f075b43e97f50.graph.json", "sha256": "25c5be9f075b43e97f502c5cbb4d1e2085c7cd98ac8c66d2ca63fc3a3a6dea14", "size": 8362}, "epoch": 14, "loss": -882222144.0, "accuracy": 0.10006874799728394, "val_loss": -912966592.0, "val_accuracy": 0.10202500224113464, "_runtime": 213, "_timestamp": 1644766558, "_step": 14, "best_val_loss": -912966592.0, "best_epoch": 14, "_wandb": {"runtime": 211}}