{"graph": {"_type": "graph-file", "path": "media/graph/graph_summary_bb051402a76bd551551a.graph.json", "sha256": "bb051402a76bd551551a264862248271b410ac10568097376a7a0d79d264ed92", "size": 4208}, "epoch": 49, "loss": -2.9236912727355957, "accuracy": 0.10042499750852585, "val_loss": -2.940166711807251, "val_accuracy": 0.09905000030994415, "_runtime": 2934, "_timestamp": 1644770281, "_step": 129, "best_val_loss": -27975912.0, "best_epoch": 48}